<?xml version="1.0" encoding="utf-8"?>
<extension type="module" version="3.1" client="site" method="upgrade">
	<name>mod_whosonline</name>
	<author>Joomla! Project</author>
	<creationDate>July 2004</creationDate>
	<copyright>Copyright (C) 2005 - 2016 Open Source Matters. All rights reserved.</copyright>
	<license>GNU General Public License version 2 or later; see LICENSE.txt</license>
	<authorEmail>admin@joomla.org</authorEmail>
	<authorUrl>www.joomla.org</authorUrl>
	<version>3.0.0</version>
	<description>MOD_WHOSONLINE_XML_DESCRIPTION</description>
	<files>
		<filename module="mod_whosonline">mod_whosonline.php</filename>
		<folder>tmpl</folder>
		<filename>helper.php</filename>
	</files>
	<languages>
		<language tag="en-GB">en-GB.mod_whosonline.ini</language>
		<language tag="en-GB">en-GB.mod_whosonline.sys.ini</language>
	</languages>
	<help key="JHELP_EXTENSIONS_MODULE_MANAGER_WHO_ONLINE" />
	<config>
		<fields name="params">
			<fieldset name="basic">
				<field
					name="showmode"
					type="list"
					default="0"
					label="MOD_WHOSONLINE_SHOWMODE_LABEL"
					description="MOD_WHOSONLINE_SHOWMODE_DESC">
					<option
						value="0">MOD_WHOSONLINE_FIELD_VALUE_NUMBER</option>
					<option
						value="1">MOD_WHOSONLINE_FIELD_VALUE_NAMES</option>
					<option
						value="2">MOD_WHOSONLINE_FIELD_VALUE_BOTH</option>
				</field>
			</fieldset>
			<fieldset
				name="advanced">
				<field
					name="layout"
					type="modulelayout"
					label="JFIELD_ALT_LAYOUT_LABEL"
					description="JFIELD_ALT_MODULE_LAYOUT_DESC" />
				<field
					name="moduleclass_sfx"
					type="textarea" rows="3"
					label="COM_MODULES_FIELD_MODULECLASS_SFX_LABEL"
					description="COM_MODULES_FIELD_MODULECLASS_SFX_DESC" />
				<field
					name="cache"
					type="list"
					default="0"
					label="COM_MODULES_FIELD_CACHING_LABEL"
					description="COM_MODULES_FIELD_CACHING_DESC">
					<option
						value="0">COM_MODULES_FIELD_VALUE_NOCACHING</option>
				</field>
				<field
					name="filter_groups"
					type="radio"
					class="btn-group btn-group-yesno"
					default="0"
					label="MOD_WHOSONLINE_FIELD_FILTER_GROUPS_LABEL"
					description="MOD_WHOSONLINE_FIELD_FILTER_GROUPS_DESC">
					<option value="1">JYES</option>
					<option value="0">JNO</option>
				</field>
			</fieldset>
		</fields>
	</config>
</extension>
